Loan Grade,Total,Pas de défaut,Défauts,Taux défaut (%)
A,10777,9704,1073,9.956388605363275
B,10451,8750,1701,16.275954454119223
C,6458,5119,1339,20.733973366367298
D,3626,1485,2141,59.04578047435191
E,964,343,621,64.41908713692946
F,241,71,170,70.53941908713693
G,64,1,63,98.4375
