iteration,cost
0,0.693147
100,0.596580
200,0.545859
300,0.514406
400,0.475123
500,0.451392
600,0.428613
700,0.422452
800,0.418365
900,0.436109
